<?xml version="1.0" encoding="UTF-8" standalone="yes"?>
   <assembly xmlns="urn:schemas-microsoft-com:asm.v1" manifestVersion="1.0">

      <assemblyIdentity version="1.0.0.0"
         processorArchitecture="X86"
         name="Jose Roca Software.JRS.WMIGEN"
         type="win32"/>
      <description>Optional description of your application</description>

      <!-- Compatibility section -->
      <compatibility xmlns="urn:schemas-microsoft-com:compatibility.v1">
         <application>
            <!--The ID below indicates application support for Windows Vista -->
            <supportedOS Id="{e2011457-1546-43c5-a5fe-008deee3d3f0}"/>
            <!--The ID below indicates application support for Windows 7 -->
            <supportedOS Id="{35138b9a-5d96-4fbd-8e2d-a2440225f93a}"/>
         </application>
       </compatibility>

      <!-- Trustinfo section -->
      <trustInfo xmlns="urn:schemas-microsoft-com:asm.v2">
         <security>
            <requestedPrivileges>
               <requestedExecutionLevel
                  level="asInvoker"
                  uiAccess="false"/>
               </requestedPrivileges>
         </security>
      </trustInfo>

      <dependency>
         <dependentAssembly>
            <assemblyIdentity
               type="win32"
               name="Microsoft.Windows.Common-Controls"
               version="6.0.0.0"
               processorArchitecture="X86"
               publicKeyToken="6595b64144ccf1df"
               language="*" />
         </dependentAssembly>
      </dependency>

   </assembly>
